year,entrant,constructor,driver,tookPart,TestDriver
1999,mild-seven-benetton-playlife,benetton,alexander-wurz,true,false
1999,mild-seven-benetton-playlife,benetton,giancarlo-fisichella,true,false
1999,red-bull-sauber-petronas,sauber,jean-alesi,true,false
1999,red-bull-sauber-petronas,sauber,pedro-diniz,true,false
1999,repsol-arrows,arrows,pedro-de-la-rosa,true,false
1999,repsol-arrows,arrows,toranosuke-takagi,true,false
1999,scuderia-ferrari-marlboro,ferrari,eddie-irvine,true,false
1999,scuderia-ferrari-marlboro,ferrari,michael-schumacher,true,false
1999,scuderia-ferrari-marlboro,ferrari,mika-salo,true,false
1999,west-mclaren-mercedes,mclaren,david-coulthard,true,false
1999,west-mclaren-mercedes,mclaren,mika-hakkinen,true,false
1999,winfield-williams,williams,alex-zanardi,true,false
1999,winfield-williams,williams,ralf-schumacher,true,false
2000,arrows-f1-team,arrows,jos-verstappen,true,false
2000,arrows-f1-team,arrows,pedro-de-la-rosa,true,false
2000,benson-hedges-jordan,jordan,heinz-harald-frentzen,true,false
2000,benson-hedges-jordan,jordan,jarno-trulli,true,false
2000,bmw-williamsf1-team,williams,jenson-button,true,false
2000,bmw-williamsf1-team,williams,ralf-schumacher,true,false
2000,gauloises-prost-peugeot,prost,jean-alesi,true,false
2000,gauloises-prost-peugeot,prost,nick-heidfeld,true,false
2000,jaguar-racing-f1-team,jaguar,eddie-irvine,true,false
2000,jaguar-racing-f1-team,jaguar,johnny-herbert,true,false
2000,jaguar-racing-f1-team,jaguar,luciano-burti,true,false
2000,lucky-strike-reynard-bar-honda,bar,jacques-villeneuve,true,false
2000,lucky-strike-reynard-bar-honda,bar,ricardo-zonta,true,false
2000,mild-seven-benetton-playlife,benetton,alexander-wurz,true,false
2000,mild-seven-benetton-playlife,benetton,giancarlo-fisichella,true,false
2000,red-bull-sauber-petronas,sauber,mika-salo,true,false
2000,red-bull-sauber-petronas,sauber,pedro-diniz,true,false
2000,scuderia-ferrari-marlboro,ferrari,michael-schumacher,true,false
2000,scuderia-ferrari-marlboro,ferrari,rubens-barrichello,true,false
2000,telefonica-minardi-fondmetal,minardi,gaston-mazzacane,true,false
2000,telefonica-minardi-fondmetal,minardi,marc-gene,true,false
2000,west-mclaren-mercedes,mclaren,david-coulthard,true,false
2000,west-mclaren-mercedes,mclaren,mika-hakkinen,true,false
2001,benson-hedges-jordan-honda,jordan,heinz-harald-frentzen,true,false
2001,benson-hedges-jordan-honda,jordan,jarno-trulli,true,false
2001,benson-hedges-jordan-honda,jordan,ricardo-zonta,true,false
2001,benson-hedges-jordan-honda,jordan,jean-alesi,true,false
2001,bmw-williamsf1-team,williams,juan-pablo-montoya,true,false
2001,bmw-williamsf1-team,williams,ralf-schumacher,true,false
2001,european-minardi-f1,minardi,fernando-alonso,true,false
2001,european-minardi-f1,minardi,tarso-marques,true,false
2001,european-minardi-f1,minardi,alex-yoong,true,false
2001,jaguar-racing-f1-team,jaguar,eddie-irvine,true,false
2001,jaguar-racing-f1-team,jaguar,luciano-burti,true,false
2001,jaguar-racing-f1-team,jaguar,pedro-de-la-rosa,true,false
2001,lucky-strike-bar-honda,bar,jacques-villeneuve,true,false
2001,lucky-strike-bar-honda,bar,olivier-panis,true,false
2001,mild-seven-benetton-renault,benetton,giancarlo-fisichella,true,false
2001,mild-seven-benetton-renault,benetton,jenson-button,true,false
2001,orange-arrows-asiatech,arrows,enrique-bernoldi,true,false
2001,orange-arrows-asiatech,arrows,jos-verstappen,true,false
2001,prost-grand-prix,prost,gaston-mazzacane,true,false
2001,prost-grand-prix,prost,jean-alesi,true,false
2001,prost-grand-prix,prost,luciano-burti,true,false
2001,prost-grand-prix,prost,heinz-harald-frentzen,true,false
2001,prost-grand-prix,prost,tomas-enge,true,false
2001,red-bull-sauber-petronas,sauber,kimi-raikkonen,true,false
2001,red-bull-sauber-petronas,sauber,nick-heidfeld,true,false
2001,scuderia-ferrari-marlboro,ferrari,michael-schumacher,true,false
2001,scuderia-ferrari-marlboro,ferrari,rubens-barrichello,true,false
2001,west-mclaren-mercedes,mclaren,david-coulthard,true,false
2001,west-mclaren-mercedes,mclaren,mika-hakkinen,true,false
2002,bmw-williamsf1-team,williams,juan-pablo-montoya,true,false
2002,bmw-williamsf1-team,williams,ralf-schumacher,true,false
2002,dhl-jordan-honda,jordan,giancarlo-fisichella,true,false
2002,dhl-jordan-honda,jordan,takuma-sato,true,false
2002,jaguar-racing-f1-team,jaguar,eddie-irvine,true,false
2002,jaguar-racing-f1-team,jaguar,pedro-de-la-rosa,true,false
2002,kl-minardi-asiatech,minardi,alex-yoong,true,false
2002,kl-minardi-asiatech,minardi,mark-webber,true,false
2002,kl-minardi-asiatech,minardi,anthony-davidson,true,false
2002,lucky-strike-bar-honda,bar,jacques-villeneuve,true,false
2002,lucky-strike-bar-honda,bar,olivier-panis,true,false
2002,mild-seven-renault-f1-team,renault,jarno-trulli,true,false
2002,mild-seven-renault-f1-team,renault,jenson-button,true,false
2002,orange-arrows,arrows,enrique-bernoldi,true,false
2002,orange-arrows,arrows,heinz-harald-frentzen,true,false
2002,panasonic-toyota-racing,toyota,allan-mcnish,true,false
2002,panasonic-toyota-racing,toyota,mika-salo,true,false
2002,sauber-petronas,sauber,felipe-massa,true,false
2002,sauber-petronas,sauber,nick-heidfeld,true,false
2002,sauber-petronas,sauber,heinz-harald-frentzen,true,false
2002,scuderia-ferrari-marlboro,ferrari,michael-schumacher,true,false
2002,scuderia-ferrari-marlboro,ferrari,rubens-barrichello,true,false
2002,west-mclaren-mercedes,mclaren,david-coulthard,true,false
2002,west-mclaren-mercedes,mclaren,kimi-raikkonen,true,false
2003,benson-hedges-jordan-ford,jordan,giancarlo-fisichella,true,false
2003,benson-hedges-jordan-ford,jordan,ralph-firman,true,false
2003,benson-hedges-jordan-ford,jordan,zsolt-baumgartner,true,true
2003,benson-hedges-jordan-ford,jordan,bjorn-wirdheim,false,true
2003,benson-hedges-jordan-ford,jordan,satoshi-motoyama,false,true
2003,bmw-williamsf1-team,williams,juan-pablo-montoya,true,false
2003,bmw-williamsf1-team,williams,ralf-schumacher,true,false
2003,bmw-williamsf1-team,williams,marc-gene,true,false
2003,jaguar-racing-f1-team,jaguar,antonio-pizzonia,true,false
2003,jaguar-racing-f1-team,jaguar,mark-webber,true,false
2003,jaguar-racing-f1-team,jaguar,justin-wilson,true,false
2003,lucky-strike-bar-honda,bar,jacques-villeneuve,true,false
2003,lucky-strike-bar-honda,bar,jenson-button,true,false
2003,lucky-strike-bar-honda,bar,takuma-sato,true,false
2003,mild-seven-renault-f1-team,renault,fernando-alonso,true,false
2003,mild-seven-renault-f1-team,renault,jarno-trulli,true,false
2003,mild-seven-renault-f1-team,renault,allan-mcnish,false,true
2003,mild-seven-renault-f1-team,renault,franck-montagny,false,true
2003,panasonic-toyota-racing,toyota,cristiano-da-matta,true,false
2003,panasonic-toyota-racing,toyota,olivier-panis,true,false
2003,sauber-petronas,sauber,heinz-harald-frentzen,true,false
2003,sauber-petronas,sauber,nick-heidfeld,true,false
2003,scuderia-ferrari-marlboro,ferrari,michael-schumacher,true,false
2003,scuderia-ferrari-marlboro,ferrari,rubens-barrichello,true,false
2003,trust-minardi-cosworth,minardi,jos-verstappen,true,false
2003,trust-minardi-cosworth,minardi,justin-wilson,true,false
2003,trust-minardi-cosworth,minardi,nicolas-kiesa,true,false
2003,trust-minardi-cosworth,minardi,gianmaria-bruni,false,true
2003,trust-minardi-cosworth,minardi,matteo-bobbi,false,true
2003,west-mclaren-mercedes,mclaren,david-coulthard,true,false
2003,west-mclaren-mercedes,mclaren,kimi-raikkonen,true,false
2004,bmw-williamsf1-team,williams,juan-pablo-montoya,true,false
2004,bmw-williamsf1-team,williams,ralf-schumacher,true,false
2004,bmw-williamsf1-team,williams,marc-gene,true,false
2004,bmw-williamsf1-team,williams,antonio-pizzonia,true,false
2004,jaguar-racing-f1-team,jaguar,christian-klien,true,false
2004,jaguar-racing-f1-team,jaguar,mark-webber,true,false
2004,jaguar-racing-f1-team,jaguar,bjorn-wirdheim,false,true
2004,jordan-ford,jordan,giorgio-pantano,true,false
2004,jordan-ford,jordan,nick-heidfeld,true,false
2004,jordan-ford,jordan,timo-glock,true,true
2004,jordan-ford,jordan,robert-doornbos,false,true
2004,lucky-strike-bar-honda,bar,jenson-button,true,false
2004,lucky-strike-bar-honda,bar,takuma-sato,true,false
2004,lucky-strike-bar-honda,bar,anthony-davidson,false,true
2004,mild-seven-renault-f1-team,renault,fernando-alonso,true,false
2004,mild-seven-renault-f1-team,renault,jarno-trulli,true,false
2004,mild-seven-renault-f1-team,renault,jacques-villeneuve,true,false
2004,minardi-cosworth,minardi,gianmaria-bruni,true,false
2004,minardi-cosworth,minardi,zsolt-baumgartner,true,false
2004,minardi-cosworth,minardi,bas-leinders,false,true
2004,panasonic-toyota-racing,toyota,cristiano-da-matta,true,false
2004,panasonic-toyota-racing,toyota,olivier-panis,true,false
2004,panasonic-toyota-racing,toyota,ricardo-zonta,true,true
2004,panasonic-toyota-racing,toyota,jarno-trulli,true,false
2004,panasonic-toyota-racing,toyota,ryan-briscoe,false,true
2004,sauber-petronas,sauber,felipe-massa,true,false
2004,sauber-petronas,sauber,giancarlo-fisichella,true,false
2004,scuderia-ferrari-marlboro,ferrari,michael-schumacher,true,false
2004,scuderia-ferrari-marlboro,ferrari,rubens-barrichello,true,false
2004,west-mclaren-mercedes,mclaren,david-coulthard,true,false
2004,west-mclaren-mercedes,mclaren,kimi-raikkonen,true,false
2005,bmw-williamsf1-team,williams,mark-webber,true,false
2005,bmw-williamsf1-team,williams,nick-heidfeld,true,false
2005,bmw-williamsf1-team,williams,antonio-pizzonia,true,false
2005,jordan-grand-prix,jordan,narain-karthikeyan,true,false
2005,jordan-grand-prix,jordan,tiago-monteiro,true,false
2005,jordan-grand-prix,jordan,franck-montagny,false,true
2005,jordan-grand-prix,jordan,nicolas-kiesa,false,true
2005,jordan-grand-prix,jordan,robert-doornbos,false,true
2005,jordan-grand-prix,jordan,sakon-yamamoto,false,true
2005,lucky-strike-bar-honda,bar,jenson-button,true,false
2005,lucky-strike-bar-honda,bar,takuma-sato,true,false
2005,lucky-strike-bar-honda,bar,anthony-davidson,true,false
2005,mild-seven-renault-f1-team,renault,fernando-alonso,true,false
2005,mild-seven-renault-f1-team,renault,giancarlo-fisichella,true,false
2005,minardi-f1-team,minardi,christijan-albers,true,false
2005,minardi-f1-team,minardi,patrick-friesacher,true,false
2005,minardi-f1-team,minardi,robert-doornbos,true,false
2005,minardi-f1-team,minardi,chanoch-nissany,false,true
2005,minardi-f1-team,minardi,enrico-toccacelo,false,true
2005,panasonic-toyota-racing,toyota,jarno-trulli,true,false
2005,panasonic-toyota-racing,toyota,ralf-schumacher,true,false
2005,panasonic-toyota-racing,toyota,ricardo-zonta,true,true
2005,panasonic-toyota-racing,toyota,olivier-panis,false,true
2005,red-bull-racing,red-bull,christian-klien,true,true
2005,red-bull-racing,red-bull,david-coulthard,true,false
2005,red-bull-racing,red-bull,vitantonio-liuzzi,true,true
2005,red-bull-racing,red-bull,scott-speed,false,true
2005,sauber-petronas,sauber,felipe-massa,true,false
2005,sauber-petronas,sauber,jacques-villeneuve,true,false
2005,scuderia-ferrari-marlboro,ferrari,michael-schumacher,true,false
2005,scuderia-ferrari-marlboro,ferrari,rubens-barrichello,true,false
2005,team-mclaren-mercedes,mclaren,juan-pablo-montoya,true,false
2005,team-mclaren-mercedes,mclaren,kimi-raikkonen,true,false
2005,team-mclaren-mercedes,mclaren,pedro-de-la-rosa,true,true
2005,team-mclaren-mercedes,mclaren,alexander-wurz,true,true
2006,bmw-sauber-f1-team,bmw-sauber,jacques-villeneuve,true,false
2006,bmw-sauber-f1-team,bmw-sauber,nick-heidfeld,true,false
2006,bmw-sauber-f1-team,bmw-sauber,robert-kubica,true,true
2006,bmw-sauber-f1-team,bmw-sauber,sebastian-vettel,false,true
2006,lucky-strike-honda-racing-f1-team,honda,jenson-button,true,false
2006,lucky-strike-honda-racing-f1-team,honda,rubens-barrichello,true,false
2006,lucky-strike-honda-racing-f1-team,honda,anthony-davidson,false,true
2006,mf1-racing,midland,christijan-albers,true,false
2006,mf1-racing,midland,tiago-monteiro,true,false
2006,mf1-racing,midland,alexandre-premat,false,true
2006,mf1-racing,midland,adrian-sutil,false,true
2006,mf1-racing,midland,ernesto-viso,false,true
2006,mf1-racing,midland,giorgio-mondini,false,true
2006,mf1-racing,midland,markus-winkelhock,false,true
2006,mild-seven-renault-f1-team,renault,fernando-alonso,true,false
2006,mild-seven-renault-f1-team,renault,giancarlo-fisichella,true,false
2006,panasonic-toyota-racing,toyota,jarno-trulli,true,false
2006,panasonic-toyota-racing,toyota,ralf-schumacher,true,false
2006,red-bull-racing,red-bull,christian-klien,true,false
2006,red-bull-racing,red-bull,david-coulthard,true,false
2006,red-bull-racing,red-bull,robert-doornbos,true,true
2006,red-bull-racing,red-bull,michael-ammermuller,false,true
2006,scuderia-ferrari-marlboro,ferrari,felipe-massa,true,false
2006,scuderia-ferrari-marlboro,ferrari,michael-schumacher,true,false
2006,scuderia-toro-rosso,toro-rosso,scott-speed,true,false
2006,scuderia-toro-rosso,toro-rosso,vitantonio-liuzzi,true,false
2006,scuderia-toro-rosso,toro-rosso,neel-jani,false,true
2006,super-aguri-f1-team,super-aguri,takuma-sato,true,false
2006,super-aguri-f1-team,super-aguri,yuji-ide,true,false
2006,super-aguri-f1-team,super-aguri,franck-montagny,true,true
2006,super-aguri-f1-team,super-aguri,sakon-yamamoto,true,true
2006,team-mclaren-mercedes,mclaren,juan-pablo-montoya,true,false
2006,team-mclaren-mercedes,mclaren,kimi-raikkonen,true,false
2006,team-mclaren-mercedes,mclaren,pedro-de-la-rosa,true,false
2006,williams-f1-team,williams,mark-webber,true,false
2006,williams-f1-team,williams,nico-rosberg,true,false
2006,williams-f1-team,williams,alexander-wurz,false,true
2007,att-williams,williams,alexander-wurz,true,false
2007,att-williams,williams,nico-rosberg,true,false
2007,att-williams,williams,kazuki-nakajima,true,true
2007,bmw-sauber-f1-team,bmw-sauber,nick-heidfeld,true,false
2007,bmw-sauber-f1-team,bmw-sauber,robert-kubica,true,false
2007,bmw-sauber-f1-team,bmw-sauber,sebastian-vettel,true,true
2007,etihad-aldar-spyker-f1-team,spyker,adrian-sutil,true,false
2007,etihad-aldar-spyker-f1-team,spyker,christijan-albers,true,false
2007,etihad-aldar-spyker-f1-team,spyker,markus-winkelhock,true,false
2007,etihad-aldar-spyker-f1-team,spyker,sakon-yamamoto,true,false
2007,honda-racing-f1-team,honda,jenson-button,true,false
2007,honda-racing-f1-team,honda,rubens-barrichello,true,false
2007,honda-racing-f1-team,honda,christian-klien,false,true
2007,ing-renault-f1-team,renault,giancarlo-fisichella,true,false
2007,ing-renault-f1-team,renault,heikki-kovalainen,true,false
2007,panasonic-toyota-racing,toyota,jarno-trulli,true,false
2007,panasonic-toyota-racing,toyota,ralf-schumacher,true,false
2007,red-bull-racing,red-bull,david-coulthard,true,false
2007,red-bull-racing,red-bull,mark-webber,true,false
2007,scuderia-ferrari-marlboro,ferrari,felipe-massa,true,false
2007,scuderia-ferrari-marlboro,ferrari,kimi-raikkonen,true,false
2007,scuderia-toro-rosso,toro-rosso,scott-speed,true,false
2007,scuderia-toro-rosso,toro-rosso,vitantonio-liuzzi,true,false
2007,scuderia-toro-rosso,toro-rosso,sebastian-vettel,true,false
2007,super-aguri-f1-team,super-aguri,anthony-davidson,true,false
2007,super-aguri-f1-team,super-aguri,takuma-sato,true,false
2007,vodafone-mclaren-mercedes,mclaren,fernando-alonso,true,false
2007,vodafone-mclaren-mercedes,mclaren,lewis-hamilton,true,false
2008,att-williams,williams,kazuki-nakajima,true,false
2008,att-williams,williams,nico-rosberg,true,false
2008,bmw-sauber-f1-team,bmw-sauber,nick-heidfeld,true,false
2008,bmw-sauber-f1-team,bmw-sauber,robert-kubica,true,false
2008,force-india-f1-team,force-india,adrian-sutil,true,false
2008,force-india-f1-team,force-india,giancarlo-fisichella,true,false
2008,honda-racing-f1-team,honda,jenson-button,true,false
2008,honda-racing-f1-team,honda,rubens-barrichello,true,false
2008,ing-renault-f1-team,renault,fernando-alonso,true,false
2008,ing-renault-f1-team,renault,nelson-piquet-jr,true,false
2008,panasonic-toyota-racing,toyota,jarno-trulli,true,false
2008,panasonic-toyota-racing,toyota,timo-glock,true,false
2008,red-bull-racing,red-bull,david-coulthard,true,false
2008,red-bull-racing,red-bull,mark-webber,true,false
2008,scuderia-ferrari-marlboro,ferrari,felipe-massa,true,false
2008,scuderia-ferrari-marlboro,ferrari,kimi-raikkonen,true,false
2008,scuderia-toro-rosso,toro-rosso,sebastian-vettel,true,false
2008,scuderia-toro-rosso,toro-rosso,sebastien-bourdais,true,false
2008,super-aguri-f1-team,super-aguri,anthony-davidson,true,false
2008,super-aguri-f1-team,super-aguri,takuma-sato,true,false
2008,vodafone-mclaren-mercedes,mclaren,heikki-kovalainen,true,false
2008,vodafone-mclaren-mercedes,mclaren,lewis-hamilton,true,false
2009,att-williams,williams,kazuki-nakajima,true,false
2009,att-williams,williams,nico-rosberg,true,false
2009,bmw-sauber-f1-team,bmw-sauber,nick-heidfeld,true,false
2009,bmw-sauber-f1-team,bmw-sauber,robert-kubica,true,false
2009,brawn-gp-formula-1-team,brawn,jenson-button,true,false
2009,brawn-gp-formula-1-team,brawn,rubens-barrichello,true,false
2009,force-india-f1-team,force-india,adrian-sutil,true,false
2009,force-india-f1-team,force-india,giancarlo-fisichella,true,false
2009,force-india-f1-team,force-india,vitantonio-liuzzi,true,false
2009,ing-renault-f1-team,renault,fernando-alonso,true,false
2009,ing-renault-f1-team,renault,nelson-piquet-jr,true,false
2009,ing-renault-f1-team,renault,romain-grosjean,true,false
2009,panasonic-toyota-racing,toyota,jarno-trulli,true,false
2009,panasonic-toyota-racing,toyota,timo-glock,true,false
2009,panasonic-toyota-racing,toyota,kamui-kobayashi,true,true
2009,red-bull-racing,red-bull,mark-webber,true,false
2009,red-bull-racing,red-bull,sebastian-vettel,true,false
2009,scuderia-ferrari-marlboro,ferrari,felipe-massa,true,false
2009,scuderia-ferrari-marlboro,ferrari,kimi-raikkonen,true,false
2009,scuderia-ferrari-marlboro,ferrari,luca-badoer,true,false
2009,scuderia-ferrari-marlboro,ferrari,giancarlo-fisichella,true,false
2009,scuderia-toro-rosso,toro-rosso,sebastien-bourdais,true,false
2009,scuderia-toro-rosso,toro-rosso,sebastien-buemi,true,false
2009,scuderia-toro-rosso,toro-rosso,jaime-alguersuari,true,false
2009,vodafone-mclaren-mercedes,mclaren,heikki-kovalainen,true,false
2009,vodafone-mclaren-mercedes,mclaren,lewis-hamilton,true,false
2010,att-williams,williams,nico-hulkenberg,true,false
2010,att-williams,williams,rubens-barrichello,true,false
2010,bmw-sauber-f1-team,sauber,kamui-kobayashi,true,false
2010,bmw-sauber-f1-team,sauber,pedro-de-la-rosa,true,false
2010,bmw-sauber-f1-team,sauber,nick-heidfeld,true,false
2010,force-india-f1-team,force-india,adrian-sutil,true,false
2010,force-india-f1-team,force-india,vitantonio-liuzzi,true,false
2010,force-india-f1-team,force-india,paul-di-resta,false,true
2010,hispania-racing-f1-team,hrt,bruno-senna,true,false
2010,hispania-racing-f1-team,hrt,karun-chandhok,true,false
2010,hispania-racing-f1-team,hrt,sakon-yamamoto,true,true
2010,hispania-racing-f1-team,hrt,christian-klien,true,true
2010,lotus-racing,lotus-racing,heikki-kovalainen,true,false
2010,lotus-racing,lotus-racing,jarno-trulli,true,false
2010,lotus-racing,lotus-racing,fairuz-fauzy,false,true
2010,mercedes-gp-petronas-f1-team,mercedes,michael-schumacher,true,false
2010,mercedes-gp-petronas-f1-team,mercedes,nico-rosberg,true,false
2010,red-bull-racing,red-bull,mark-webber,true,false
2010,red-bull-racing,red-bull,sebastian-vettel,true,false
2010,renault-f1-team,renault,robert-kubica,true,false
2010,renault-f1-team,renault,vitaly-petrov,true,false
2010,scuderia-ferrari-marlboro,ferrari,felipe-massa,true,false
2010,scuderia-ferrari-marlboro,ferrari,fernando-alonso,true,false
2010,scuderia-toro-rosso,toro-rosso,jaime-alguersuari,true,false
2010,scuderia-toro-rosso,toro-rosso,sebastien-buemi,true,false
2010,virgin-racing,virgin,lucas-di-grassi,true,false
2010,virgin-racing,virgin,timo-glock,true,false
2010,virgin-racing,virgin,jerome-dambrosio,false,true
2010,vodafone-mclaren-mercedes,mclaren,jenson-button,true,false
2010,vodafone-mclaren-mercedes,mclaren,lewis-hamilton,true,false
2011,att-williams,williams,pastor-maldonado,true,false
2011,att-williams,williams,rubens-barrichello,true,false
2011,force-india-f1-team,force-india,adrian-sutil,true,false
2011,force-india-f1-team,force-india,paul-di-resta,true,false
2011,force-india-f1-team,force-india,nico-hulkenberg,false,true
2011,hrt-formula-1-team,hrt,narain-karthikeyan,true,true
2011,hrt-formula-1-team,hrt,vitantonio-liuzzi,true,false
2011,hrt-formula-1-team,hrt,daniel-ricciardo,true,false
2011,hrt-formula-1-team,hrt,jan-charouz,false,true
2011,lotus-renault-gp,renault,nick-heidfeld,true,false
2011,lotus-renault-gp,renault,vitaly-petrov,true,false
2011,lotus-renault-gp,renault,bruno-senna,true,true
2011,lotus-renault-gp,renault,romain-grosjean,false,true
2011,marussia-virgin-racing,virgin,jerome-dambrosio,true,false
2011,marussia-virgin-racing,virgin,timo-glock,true,false
2011,marussia-virgin-racing,virgin,robert-wickens,false,true
2011,mercedes-gp-petronas-f1-team,mercedes,michael-schumacher,true,false
2011,mercedes-gp-petronas-f1-team,mercedes,nico-rosberg,true,false
2011,red-bull-racing,red-bull,mark-webber,true,false
2011,red-bull-racing,red-bull,sebastian-vettel,true,false
2011,sauber-f1-team,sauber,kamui-kobayashi,true,false
2011,sauber-f1-team,sauber,sergio-perez,true,false
2011,sauber-f1-team,sauber,pedro-de-la-rosa,true,false
2011,scuderia-ferrari,ferrari,felipe-massa,true,false
2011,scuderia-ferrari,ferrari,fernando-alonso,true,false
2011,scuderia-toro-rosso,toro-rosso,jaime-alguersuari,true,false
2011,scuderia-toro-rosso,toro-rosso,sebastien-buemi,true,false
2011,scuderia-toro-rosso,toro-rosso,daniel-ricciardo,false,true
2011,scuderia-toro-rosso,toro-rosso,jean-eric-vergne,false,true
2011,team-lotus,lotus-racing,heikki-kovalainen,true,false
2011,team-lotus,lotus-racing,jarno-trulli,true,false
2011,team-lotus,lotus-racing,karun-chandhok,true,true
2011,team-lotus,lotus-racing,davide-valsecchi,false,true
2011,team-lotus,lotus-racing,luiz-razia,false,true
2011,vodafone-mclaren-mercedes,mclaren,jenson-button,true,false
2011,vodafone-mclaren-mercedes,mclaren,lewis-hamilton,true,false
2012,caterham-f1-team,caterham,heikki-kovalainen,true,false
2012,caterham-f1-team,caterham,vitaly-petrov,true,false
2012,caterham-f1-team,caterham,alexander-rossi,false,true
2012,caterham-f1-team,caterham,giedo-van-der-garde,false,true
2012,hrt-formula-1-team,hrt,narain-karthikeyan,true,false
2012,hrt-formula-1-team,hrt,pedro-de-la-rosa,true,false
2012,hrt-formula-1-team,hrt,dani-clos,false,true
2012,hrt-formula-1-team,hrt,ma-qinghua,false,true
2012,lotus-f1-team,lotus-f1,kimi-raikkonen,true,false
2012,lotus-f1-team,lotus-f1,romain-grosjean,true,false
2012,lotus-f1-team,lotus-f1,jerome-dambrosio,true,false
2012,marussia-f1-team,marussia,charles-pic,true,false
2012,marussia-f1-team,marussia,timo-glock,true,false
2012,marussia-f1-team,marussia,max-chilton,false,true
2012,mercedes-amg-petronas-f1-team,mercedes,michael-schumacher,true,false
2012,mercedes-amg-petronas-f1-team,mercedes,nico-rosberg,true,false
2012,red-bull-racing,red-bull,mark-webber,true,false
2012,red-bull-racing,red-bull,sebastian-vettel,true,false
2012,sahara-force-india-f1-team,force-india,nico-hulkenberg,true,false
2012,sahara-force-india-f1-team,force-india,paul-di-resta,true,false
2012,sahara-force-india-f1-team,force-india,jules-bianchi,false,true
2012,sauber-f1-team,sauber,kamui-kobayashi,true,false
2012,sauber-f1-team,sauber,sergio-perez,true,false
2012,sauber-f1-team,sauber,esteban-gutierrez,false,true
2012,scuderia-ferrari,ferrari,felipe-massa,true,false
2012,scuderia-ferrari,ferrari,fernando-alonso,true,false
2012,scuderia-toro-rosso,toro-rosso,daniel-ricciardo,true,false
2012,scuderia-toro-rosso,toro-rosso,jean-eric-vergne,true,false
2012,vodafone-mclaren-mercedes,mclaren,jenson-button,true,false
2012,vodafone-mclaren-mercedes,mclaren,lewis-hamilton,true,false
2012,williams-f1-team,williams,bruno-senna,true,false
2012,williams-f1-team,williams,pastor-maldonado,true,false
2012,williams-f1-team,williams,valtteri-bottas,false,true
2013,caterham-f1-team,caterham,charles-pic,true,false
2013,caterham-f1-team,caterham,giedo-van-der-garde,true,false
2013,caterham-f1-team,caterham,alexander-rossi,false,true
2013,caterham-f1-team,caterham,heikki-kovalainen,false,true
2013,caterham-f1-team,caterham,ma-qinghua,false,true
2013,infiniti-red-bull-racing,red-bull,mark-webber,true,false
2013,infiniti-red-bull-racing,red-bull,sebastian-vettel,true,false
2013,lotus-f1-team,lotus-f1,kimi-raikkonen,true,false
2013,lotus-f1-team,lotus-f1,romain-grosjean,true,false
2013,lotus-f1-team,lotus-f1,heikki-kovalainen,true,false
2013,marussia-f1-team,marussia,jules-bianchi,true,false
2013,marussia-f1-team,marussia,max-chilton,true,false
2013,marussia-f1-team,marussia,rodolfo-gonzalez,false,true
2013,mercedes-amg-petronas-f1-team,mercedes,lewis-hamilton,true,false
2013,mercedes-amg-petronas-f1-team,mercedes,nico-rosberg,true,false
2013,sahara-force-india-f1-team,force-india,adrian-sutil,true,false
2013,sahara-force-india-f1-team,force-india,paul-di-resta,true,false
2013,sahara-force-india-f1-team,force-india,james-calado,false,true
2013,sauber-f1-team,sauber,esteban-gutierrez,true,false
2013,sauber-f1-team,sauber,nico-hulkenberg,true,false
2013,scuderia-ferrari,ferrari,felipe-massa,true,false
2013,scuderia-ferrari,ferrari,fernando-alonso,true,false
2013,scuderia-toro-rosso,toro-rosso,daniel-ricciardo,true,false
2013,scuderia-toro-rosso,toro-rosso,jean-eric-vergne,true,false
2013,scuderia-toro-rosso,toro-rosso,daniil-kvyat,false,true
2013,vodafone-mclaren-mercedes,mclaren,jenson-button,true,false
2013,vodafone-mclaren-mercedes,mclaren,sergio-perez,true,false
2013,williams-f1-team,williams,pastor-maldonado,true,false
2013,williams-f1-team,williams,valtteri-bottas,true,false
2014,caterham-f1-team,caterham,kamui-kobayashi,true,false
2014,caterham-f1-team,caterham,marcus-ericsson,true,false
2014,caterham-f1-team,caterham,andre-lotterer,true,false
2014,caterham-f1-team,caterham,will-stevens,true,false
2014,caterham-f1-team,caterham,alexander-rossi,false,true
2014,caterham-f1-team,caterham,roberto-merhi,false,true
2014,caterham-f1-team,caterham,robin-frijns,false,true
2014,infiniti-red-bull-racing,red-bull,daniel-ricciardo,true,false
2014,infiniti-red-bull-racing,red-bull,sebastian-vettel,true,false
2014,lotus-f1-team,lotus-f1,pastor-maldonado,true,false
2014,lotus-f1-team,lotus-f1,romain-grosjean,true,false
2014,lotus-f1-team,lotus-f1,charles-pic,false,true
2014,lotus-f1-team,lotus-f1,esteban-ocon,false,true
2014,marussia-f1-team,marussia,jules-bianchi,true,false
2014,marussia-f1-team,marussia,max-chilton,true,false
2014,marussia-f1-team,marussia,alexander-rossi,true,false
2014,mclaren-mercedes,mclaren,jenson-button,true,false
2014,mclaren-mercedes,mclaren,kevin-magnussen,true,false
2014,mercedes-amg-petronas-f1-team,mercedes,lewis-hamilton,true,false
2014,mercedes-amg-petronas-f1-team,mercedes,nico-rosberg,true,false
2014,sahara-force-india-f1-team,force-india,nico-hulkenberg,true,false
2014,sahara-force-india-f1-team,force-india,sergio-perez,true,false
2014,sahara-force-india-f1-team,force-india,daniel-juncadella,false,true
2014,sauber-f1-team,sauber,adrian-sutil,true,false
2014,sauber-f1-team,sauber,esteban-gutierrez,true,false
2014,sauber-f1-team,sauber,adderly-fong,false,true
2014,sauber-f1-team,sauber,giedo-van-der-garde,false,true
2014,sauber-f1-team,sauber,sergey-sirotkin,false,true
2014,scuderia-ferrari,ferrari,fernando-alonso,true,false
2014,scuderia-ferrari,ferrari,kimi-raikkonen,true,false
2014,scuderia-toro-rosso,toro-rosso,daniil-kvyat,true,false
2014,scuderia-toro-rosso,toro-rosso,jean-eric-vergne,true,false
2014,scuderia-toro-rosso,toro-rosso,max-verstappen,false,true
2014,williams-martini-racing,williams,felipe-massa,true,false
2014,williams-martini-racing,williams,valtteri-bottas,true,false
2014,williams-martini-racing,williams,felipe-nasr,false,true
2014,williams-martini-racing,williams,susie-wolff,false,true
2015,infiniti-red-bull-racing,red-bull,daniel-ricciardo,true,false
2015,infiniti-red-bull-racing,red-bull,daniil-kvyat,true,false
2015,lotus-f1-team,lotus-f1,pastor-maldonado,true,false
2015,lotus-f1-team,lotus-f1,romain-grosjean,true,false
2015,lotus-f1-team,lotus-f1,jolyon-palmer,false,true
2015,manor-marussia-f1-team,marussia,roberto-merhi,true,false
2015,manor-marussia-f1-team,marussia,will-stevens,true,false
2015,manor-marussia-f1-team,marussia,alexander-rossi,true,false
2015,manor-marussia-f1-team,marussia,fabio-leimer,false,true
2015,mclaren-honda,mclaren,jenson-button,true,false
2015,mclaren-honda,mclaren,kevin-magnussen,true,false
2015,mclaren-honda,mclaren,fernando-alonso,true,false
2015,mercedes-amg-petronas-f1-team,mercedes,lewis-hamilton,true,false
2015,mercedes-amg-petronas-f1-team,mercedes,nico-rosberg,true,false
2015,sahara-force-india-f1-team,force-india,nico-hulkenberg,true,false
2015,sahara-force-india-f1-team,force-india,sergio-perez,true,false
2015,sauber-f1-team,sauber,felipe-nasr,true,false
2015,sauber-f1-team,sauber,marcus-ericsson,true,false
2015,sauber-f1-team,sauber,raffaele-marciello,false,true
2015,scuderia-ferrari,ferrari,kimi-raikkonen,true,false
2015,scuderia-ferrari,ferrari,sebastian-vettel,true,false
2015,scuderia-toro-rosso,toro-rosso,carlos-sainz-jr,true,false
2015,scuderia-toro-rosso,toro-rosso,max-verstappen,true,false
2015,williams-martini-racing,williams,felipe-massa,true,false
2015,williams-martini-racing,williams,valtteri-bottas,true,false
2015,williams-martini-racing,williams,susie-wolff,false,true
2016,haas-f1-team,haas,esteban-gutierrez,true,false
2016,haas-f1-team,haas,romain-grosjean,true,false
2016,haas-f1-team,haas,charles-leclerc,false,true
2016,manor-racing-mrt,manor,pascal-wehrlein,true,false
2016,manor-racing-mrt,manor,rio-haryanto,true,false
2016,manor-racing-mrt,manor,esteban-ocon,true,false
2016,manor-racing-mrt,manor,jordan-king,false,true
2016,mclaren-honda-formula-1-team,mclaren,fernando-alonso,true,false
2016,mclaren-honda-formula-1-team,mclaren,jenson-button,true,false
2016,mclaren-honda-formula-1-team,mclaren,stoffel-vandoorne,true,false
2016,mercedes-amg-petronas-formula-one-team,mercedes,lewis-hamilton,true,false
2016,mercedes-amg-petronas-formula-one-team,mercedes,nico-rosberg,true,false
2016,red-bull-racing,red-bull,daniel-ricciardo,true,false
2016,red-bull-racing,red-bull,daniil-kvyat,true,false
2016,red-bull-racing,red-bull,max-verstappen,true,false
2016,renault-sport-formula-one-team,renault,jolyon-palmer,true,false
2016,renault-sport-formula-one-team,renault,kevin-magnussen,true,false
2016,renault-sport-formula-one-team,renault,esteban-ocon,false,true
2016,renault-sport-formula-one-team,renault,sergey-sirotkin,false,true
2016,sahara-force-india-formula-one-team,force-india,nico-hulkenberg,true,false
2016,sahara-force-india-formula-one-team,force-india,sergio-perez,true,false
2016,sahara-force-india-formula-one-team,force-india,alfonso-celis-jr,false,true
2016,sauber-f1-team,sauber,felipe-nasr,true,false
2016,sauber-f1-team,sauber,marcus-ericsson,true,false
2016,scuderia-ferrari,ferrari,kimi-raikkonen,true,false
2016,scuderia-ferrari,ferrari,sebastian-vettel,true,false
2016,scuderia-toro-rosso,toro-rosso,carlos-sainz-jr,true,false
2016,scuderia-toro-rosso,toro-rosso,max-verstappen,true,false
2016,scuderia-toro-rosso,toro-rosso,daniil-kvyat,true,false
2016,williams-martini-racing,williams,felipe-massa,true,false
2016,williams-martini-racing,williams,valtteri-bottas,true,false
2017,haas-f1-team,haas,kevin-magnussen,true,false
2017,haas-f1-team,haas,romain-grosjean,true,false
2017,haas-f1-team,haas,antonio-giovinazzi,false,true
2017,mclaren-honda,mclaren,fernando-alonso,true,false
2017,mclaren-honda,mclaren,stoffel-vandoorne,true,false
2017,mclaren-honda,mclaren,jenson-button,true,false
2017,mercedes-amg-petronas-f1-team,mercedes,lewis-hamilton,true,false
2017,mercedes-amg-petronas-f1-team,mercedes,valtteri-bottas,true,false
2017,red-bull-racing,red-bull,daniel-ricciardo,true,false
2017,red-bull-racing,red-bull,max-verstappen,true,false
2017,renault-sport-formula-one-team,renault,jolyon-palmer,true,false
2017,renault-sport-formula-one-team,renault,nico-hulkenberg,true,false
2017,renault-sport-formula-one-team,renault,carlos-sainz-jr,true,false
2017,renault-sport-formula-one-team,renault,sergey-sirotkin,false,true
2017,sahara-force-india-f1-team,force-india,esteban-ocon,true,false
2017,sahara-force-india-f1-team,force-india,sergio-perez,true,false
2017,sahara-force-india-f1-team,force-india,alfonso-celis-jr,false,true
2017,sahara-force-india-f1-team,force-india,george-russell,false,true
2017,sauber-f1-team,sauber,antonio-giovinazzi,true,false
2017,sauber-f1-team,sauber,marcus-ericsson,true,false
2017,sauber-f1-team,sauber,pascal-wehrlein,true,false
2017,sauber-f1-team,sauber,charles-leclerc,false,true
2017,scuderia-ferrari,ferrari,kimi-raikkonen,true,false
2017,scuderia-ferrari,ferrari,sebastian-vettel,true,false
2017,scuderia-toro-rosso,toro-rosso,carlos-sainz-jr,true,false
2017,scuderia-toro-rosso,toro-rosso,daniil-kvyat,true,false
2017,scuderia-toro-rosso,toro-rosso,pierre-gasly,true,false
2017,scuderia-toro-rosso,toro-rosso,brendon-hartley,true,false
2017,scuderia-toro-rosso,toro-rosso,sean-gelael,false,true
2017,williams-martini-racing,williams,felipe-massa,true,false
2017,williams-martini-racing,williams,lance-stroll,true,false
2017,williams-martini-racing,williams,paul-di-resta,true,false
2018,alfa-romeo-sauber-f1-team,sauber,charles-leclerc,true,false
2018,alfa-romeo-sauber-f1-team,sauber,marcus-ericsson,true,false
2018,alfa-romeo-sauber-f1-team,sauber,antonio-giovinazzi,false,true
2018,aston-martin-red-bull-racing,red-bull,daniel-ricciardo,true,false
2018,aston-martin-red-bull-racing,red-bull,max-verstappen,true,false
2018,haas-f1-team,haas,kevin-magnussen,true,false
2018,haas-f1-team,haas,romain-grosjean,true,false
2018,mclaren-f1-team,mclaren,fernando-alonso,true,false
2018,mclaren-f1-team,mclaren,stoffel-vandoorne,true,false
2018,mclaren-f1-team,mclaren,lando-norris,false,true
2018,mercedes-amg-petronas-motorsport,mercedes,lewis-hamilton,true,false
2018,mercedes-amg-petronas-motorsport,mercedes,valtteri-bottas,true,false
2018,racing-point-force-india-f1-team,force-india,esteban-ocon,true,false
2018,racing-point-force-india-f1-team,force-india,sergio-perez,true,false
2018,racing-point-force-india-f1-team,force-india,nicholas-latifi,false,true
2018,red-bull-toro-rosso-honda,toro-rosso,brendon-hartley,true,false
2018,red-bull-toro-rosso-honda,toro-rosso,pierre-gasly,true,false
2018,red-bull-toro-rosso-honda,toro-rosso,sean-gelael,false,true
2018,renault-sport-formula-one-team,renault,carlos-sainz-jr,true,false
2018,renault-sport-formula-one-team,renault,nico-hulkenberg,true,false
2018,renault-sport-formula-one-team,renault,artem-markelov,false,true
2018,sahara-force-india-f1-team,force-india,esteban-ocon,true,false
2018,sahara-force-india-f1-team,force-india,sergio-perez,true,false
2018,sahara-force-india-f1-team,force-india,nicholas-latifi,false,true
2018,scuderia-ferrari,ferrari,kimi-raikkonen,true,false
2018,scuderia-ferrari,ferrari,sebastian-vettel,true,false
2018,williams-martini-racing,williams,lance-stroll,true,false
2018,williams-martini-racing,williams,sergey-sirotkin,true,false
2018,williams-martini-racing,williams,robert-kubica,false,true
2019,alfa-romeo-racing,alfa-romeo,antonio-giovinazzi,true,false
2019,alfa-romeo-racing,alfa-romeo,kimi-raikkonen,true,false
2019,aston-martin-red-bull-racing,red-bull,max-verstappen,true,false
2019,aston-martin-red-bull-racing,red-bull,pierre-gasly,true,false
2019,aston-martin-red-bull-racing,red-bull,alexander-albon,true,false
2019,haas-f1-team,haas,kevin-magnussen,true,false
2019,haas-f1-team,haas,romain-grosjean,true,false
2019,mclaren-f1-team,mclaren,carlos-sainz-jr,true,false
2019,mclaren-f1-team,mclaren,lando-norris,true,false
2019,mercedes-amg-petronas-motorsport,mercedes,lewis-hamilton,true,false
2019,mercedes-amg-petronas-motorsport,mercedes,valtteri-bottas,true,false
2019,red-bull-toro-rosso-honda,toro-rosso,alexander-albon,true,false
2019,red-bull-toro-rosso-honda,toro-rosso,daniil-kvyat,true,false
2019,red-bull-toro-rosso-honda,toro-rosso,pierre-gasly,true,false
2019,red-bull-toro-rosso-honda,toro-rosso,naoki-yamamoto,false,true
2019,renault-f1-team,renault,daniel-ricciardo,true,false
2019,renault-f1-team,renault,nico-hulkenberg,true,false
2019,rokit-williams-racing,williams,george-russell,true,false
2019,rokit-williams-racing,williams,robert-kubica,true,false
2019,rokit-williams-racing,williams,nicholas-latifi,false,true
2019,scuderia-ferrari,ferrari,charles-leclerc,true,false
2019,scuderia-ferrari,ferrari,sebastian-vettel,true,false
2019,sportpesa-racing-point-f1-team,racing-point,lance-stroll,true,false
2019,sportpesa-racing-point-f1-team,racing-point,sergio-perez,true,false
2020,alfa-romeo-racing-orlen,alfa-romeo,antonio-giovinazzi,true,false
2020,alfa-romeo-racing-orlen,alfa-romeo,kimi-raikkonen,true,false
2020,alfa-romeo-racing-orlen,alfa-romeo,robert-kubica,false,true
2020,aston-martin-red-bull-racing,red-bull,alexander-albon,true,false
2020,aston-martin-red-bull-racing,red-bull,max-verstappen,true,false
2020,bwt-racing-point-f1-team,racing-point,lance-stroll,true,false
2020,bwt-racing-point-f1-team,racing-point,sergio-perez,true,false
2020,bwt-racing-point-f1-team,racing-point,nico-hulkenberg,true,false
2020,haas-f1-team,haas,kevin-magnussen,true,false
2020,haas-f1-team,haas,romain-grosjean,true,false
2020,haas-f1-team,haas,pietro-fittipaldi,true,false
2020,haas-f1-team,haas,mick-schumacher,false,true
2020,mclaren-f1-team,mclaren,carlos-sainz-jr,true,false
2020,mclaren-f1-team,mclaren,lando-norris,true,false
2020,mercedes-amg-petronas-f1-team,mercedes,lewis-hamilton,true,false
2020,mercedes-amg-petronas-f1-team,mercedes,valtteri-bottas,true,false
2020,mercedes-amg-petronas-f1-team,mercedes,george-russell,true,false
2020,renault-dp-world-f1-team,renault,daniel-ricciardo,true,false
2020,renault-dp-world-f1-team,renault,esteban-ocon,true,false
2020,scuderia-alphatauri-honda,alphatauri,daniil-kvyat,true,false
2020,scuderia-alphatauri-honda,alphatauri,pierre-gasly,true,false
2020,scuderia-ferrari,ferrari,charles-leclerc,true,false
2020,scuderia-ferrari,ferrari,sebastian-vettel,true,false
2020,williams-racing,williams,george-russell,true,false
2020,williams-racing,williams,nicholas-latifi,true,false
2020,williams-racing,williams,jack-aitken,true,true
2020,williams-racing,williams,roy-nissany,false,true
2021,alfa-romeo-racing-orlen,alfa-romeo,antonio-giovinazzi,true,false
2021,alfa-romeo-racing-orlen,alfa-romeo,kimi-raikkonen,true,false
2021,alfa-romeo-racing-orlen,alfa-romeo,callum-ilott,false,true
2021,alfa-romeo-racing-orlen,alfa-romeo,robert-kubica,true,true
2021,alpine-f1-team,alpine,esteban-ocon,true,false
2021,alpine-f1-team,alpine,fernando-alonso,true,false
2021,alpine-f1-team,alpine,guanyu-zhou,false,true
2021,aston-martin-cognizant-f1-team,aston-martin,lance-stroll,true,false
2021,aston-martin-cognizant-f1-team,aston-martin,sebastian-vettel,true,false
2021,mclaren-f1-team,mclaren,daniel-ricciardo,true,false
2021,mclaren-f1-team,mclaren,lando-norris,true,false
2021,mercedes-amg-petronas-f1-team,mercedes,lewis-hamilton,true,false
2021,mercedes-amg-petronas-f1-team,mercedes,valtteri-bottas,true,false
2021,red-bull-racing-honda,red-bull,max-verstappen,true,false
2021,red-bull-racing-honda,red-bull,sergio-perez,true,false
2021,scuderia-alphatauri-honda,alphatauri,pierre-gasly,true,false
2021,scuderia-alphatauri-honda,alphatauri,yuki-tsunoda,true,false
2021,scuderia-ferrari-mission-winnow,ferrari,carlos-sainz-jr,true,false
2021,scuderia-ferrari-mission-winnow,ferrari,charles-leclerc,true,false
2021,uralkali-haas-f1-team,haas,mick-schumacher,true,false
2021,uralkali-haas-f1-team,haas,nikita-mazepin,true,false
2021,williams-racing,williams,george-russell,true,false
2021,williams-racing,williams,nicholas-latifi,true,false
2021,williams-racing,williams,jack-aitken,false,true
2021,williams-racing,williams,roy-nissany,false,true
2022,alfa-romeo-f1-team-orlen,alfa-romeo,guanyu-zhou,true,false
2022,alfa-romeo-f1-team-orlen,alfa-romeo,valtteri-bottas,true,false
2022,alfa-romeo-f1-team-orlen,alfa-romeo,robert-kubica,false,true
2022,alfa-romeo-f1-team-orlen,alfa-romeo,theo-pourchaire,false,true
2022,aston-martin-aramco-cognizant-f1-team,aston-martin,lance-stroll,true,false
2022,aston-martin-aramco-cognizant-f1-team,aston-martin,nico-hulkenberg,true,false
2022,aston-martin-aramco-cognizant-f1-team,aston-martin,sebastian-vettel,true,false
2022,aston-martin-aramco-cognizant-f1-team,aston-martin,nyck-de-vries,false,true
2022,aston-martin-aramco-cognizant-f1-team,aston-martin,felipe-drugovich,false,true
2022,bwt-alpine-f1-team,alpine,esteban-ocon,true,false
2022,bwt-alpine-f1-team,alpine,fernando-alonso,true,false
2022,bwt-alpine-f1-team,alpine,jack-doohan,false,true
2022,haas-f1-team,haas,kevin-magnussen,true,false
2022,haas-f1-team,haas,mick-schumacher,true,false
2022,haas-f1-team,haas,antonio-giovinazzi,false,true
2022,haas-f1-team,haas,pietro-fittipaldi,false,true
2022,mclaren-f1-team,mclaren,daniel-ricciardo,true,false
2022,mclaren-f1-team,mclaren,lando-norris,true,false
2022,mclaren-f1-team,mclaren,alex-palou,false,true
2022,mclaren-f1-team,mclaren,patricio-oward,false,true
2022,mercedes-amg-petronas-f1-team,mercedes,george-russell,true,false
2022,mercedes-amg-petronas-f1-team,mercedes,lewis-hamilton,true,false
2022,mercedes-amg-petronas-f1-team,mercedes,nyck-de-vries,false,true
2022,oracle-red-bull-racing,red-bull,max-verstappen,true,false
2022,oracle-red-bull-racing,red-bull,sergio-perez,true,false
2022,oracle-red-bull-racing,red-bull,juri-vips,false,true
2022,oracle-red-bull-racing,red-bull,liam-lawson,false,true
2022,scuderia-alphatauri,alphatauri,pierre-gasly,true,false
2022,scuderia-alphatauri,alphatauri,yuki-tsunoda,true,false
2022,scuderia-alphatauri,alphatauri,liam-lawson,false,true
2022,scuderia-ferrari,ferrari,carlos-sainz-jr,true,false
2022,scuderia-ferrari,ferrari,charles-leclerc,true,false
2022,scuderia-ferrari,ferrari,robert-shwartzman,false,true
2022,williams-racing,williams,alexander-albon,true,false
2022,williams-racing,williams,nicholas-latifi,true,false
2022,williams-racing,williams,nyck-de-vries,true,true
2022,williams-racing,williams,logan-sargeant,false,true
2023,alfa-romeo-f1-team-stake,alfa-romeo,guanyu-zhou,true,false
2023,alfa-romeo-f1-team-stake,alfa-romeo,valtteri-bottas,true,false
2023,alfa-romeo-f1-team-stake,alfa-romeo,theo-pourchaire,false,true
2023,aston-martin-aramco-cognizant-f1-team,aston-martin,fernando-alonso,true,false
2023,aston-martin-aramco-cognizant-f1-team,aston-martin,lance-stroll,true,false
2023,aston-martin-aramco-cognizant-f1-team,aston-martin,felipe-drugovich,false,true
2023,bwt-alpine-f1-team,alpine,esteban-ocon,true,false
2023,bwt-alpine-f1-team,alpine,pierre-gasly,true,false
2023,bwt-alpine-f1-team,alpine,jack-doohan,false,true
2023,mclaren-f1-team,mclaren,lando-norris,true,false
2023,mclaren-f1-team,mclaren,oscar-piastri,true,false
2023,mclaren-f1-team,mclaren,patricio-oward,false,true
2023,mercedes-amg-petronas-f1-team,mercedes,george-russell,true,false
2023,mercedes-amg-petronas-f1-team,mercedes,lewis-hamilton,true,false
2023,mercedes-amg-petronas-f1-team,mercedes,frederik-vesti,false,true
2023,moneygram-haas-f1-team,haas,kevin-magnussen,true,false
2023,moneygram-haas-f1-team,haas,nico-hulkenberg,true,false
2023,moneygram-haas-f1-team,haas,oliver-bearman,false,true
2023,oracle-red-bull-racing,red-bull,max-verstappen,true,false
2023,oracle-red-bull-racing,red-bull,sergio-perez,true,false
2023,oracle-red-bull-racing,red-bull,isack-hadjar,false,true
2023,oracle-red-bull-racing,red-bull,jake-dennis,false,true
2023,scuderia-alphatauri,alphatauri,nyck-de-vries,true,false
2023,scuderia-alphatauri,alphatauri,yuki-tsunoda,true,false
2023,scuderia-alphatauri,alphatauri,daniel-ricciardo,true,false
2023,scuderia-alphatauri,alphatauri,liam-lawson,true,false
2023,scuderia-alphatauri,alphatauri,isack-hadjar,false,true
2023,scuderia-ferrari,ferrari,carlos-sainz-jr,true,false
2023,scuderia-ferrari,ferrari,charles-leclerc,true,false
2023,scuderia-ferrari,ferrari,robert-shwartzman,false,true
2023,williams-racing,williams,alexander-albon,true,false
2023,williams-racing,williams,logan-sargeant,true,false
2023,williams-racing,williams,zak-osullivan,false,true
2024,aston-martin-aramco-f1-team,aston-martin,fernando-alonso,true,false
2024,aston-martin-aramco-f1-team,aston-martin,lance-stroll,true,false
2024,aston-martin-aramco-f1-team,aston-martin,felipe-drugovich,false,true
2024,bwt-alpine-f1-team,alpine,esteban-ocon,true,false
2024,bwt-alpine-f1-team,alpine,pierre-gasly,true,false
2024,bwt-alpine-f1-team,alpine,jack-doohan,true,true
2024,mclaren-f1-team,mclaren,lando-norris,true,false
2024,mclaren-f1-team,mclaren,oscar-piastri,true,false
2024,mclaren-f1-team,mclaren,patricio-oward,false,true
2024,mclaren-f1-team,mclaren,ryo-hirakawa,false,true
2024,mercedes-amg-petronas-f1-team,mercedes,george-russell,true,false
2024,mercedes-amg-petronas-f1-team,mercedes,lewis-hamilton,true,false
2024,mercedes-amg-petronas-f1-team,mercedes,andrea-kimi-antonelli,false,true
2024,moneygram-haas-f1-team,haas,kevin-magnussen,true,false
2024,moneygram-haas-f1-team,haas,nico-hulkenberg,true,false
2024,moneygram-haas-f1-team,haas,oliver-bearman,true,true
2024,oracle-red-bull-racing,red-bull,max-verstappen,true,false
2024,oracle-red-bull-racing,red-bull,sergio-perez,true,false
2024,oracle-red-bull-racing,red-bull,isack-hadjar,false,true
2024,scuderia-ferrari,ferrari,carlos-sainz-jr,true,false
2024,scuderia-ferrari,ferrari,charles-leclerc,true,false
2024,scuderia-ferrari,ferrari,oliver-bearman,true,true
2024,scuderia-ferrari,ferrari,arthur-leclerc,false,true
2024,stake-f1-team-kick-sauber,kick-sauber,guanyu-zhou,true,false
2024,stake-f1-team-kick-sauber,kick-sauber,valtteri-bottas,true,false
2024,stake-f1-team-kick-sauber,kick-sauber,robert-shwartzman,false,true
2024,visa-cash-app-rb-f1-team,rb,daniel-ricciardo,true,false
2024,visa-cash-app-rb-f1-team,rb,yuki-tsunoda,true,false
2024,visa-cash-app-rb-f1-team,rb,liam-lawson,true,false
2024,visa-cash-app-rb-f1-team,rb,ayumu-iwasa,false,true
2024,williams-racing,williams,alexander-albon,true,false
2024,williams-racing,williams,logan-sargeant,true,false
2024,williams-racing,williams,franco-colapinto,true,true
2024,williams-racing,williams,luke-browning,false,true
